<?xml version="1.0" encoding="UTF-8" standalone="no"?>
<?fileVersion 4.0.0?><cproject storage_type_id="org.eclipse.cdt.core.XmlProjectDescriptionStorage">
	<storageModule moduleId="org.eclipse.cdt.core.settings">
		<cconfiguration id="cdt.managedbuild.config.gnu.macosx.exe.debug.1933625690">
			<storageModule buildSystemId="org.eclipse.cdt.managedbuilder.core.configurationDataProvider" id="cdt.managedbuild.config.gnu.macosx.exe.debug.1933625690" moduleId="org.eclipse.cdt.core.settings" name="Debug">
				<externalSettings/>
				<extensions>
					<extension id="org.eclipse.cdt.core.MachO64" point="org.eclipse.cdt.core.BinaryParser"/>
					<extension id="org.eclipse.cdt.core.GASErrorParser" point="org.eclipse.cdt.core.ErrorParser"/>
					<extension id="org.eclipse.cdt.core.GmakeErrorParser" point="org.eclipse.cdt.core.ErrorParser"/>
					<extension id="org.eclipse.cdt.core.GLDErrorParser" point="org.eclipse.cdt.core.ErrorParser"/>
					<extension id="org.eclipse.cdt.core.CWDLocator" point="org.eclipse.cdt.core.ErrorParser"/>
					<extension id="org.eclipse.cdt.core.GCCErrorParser" point="org.eclipse.cdt.core.ErrorParser"/>
				</extensions>
			</storageModule>
			<storageModule moduleId="cdtBuildSystem" version="4.0.0">
				<configuration artifactName="${ProjName}" buildArtefactType="org.eclipse.cdt.build.core.buildArtefactType.exe" buildProperties="org.eclipse.cdt.build.core.buildArtefactType=org.eclipse.cdt.build.core.buildArtefactType.exe,org.eclipse.cdt.build.core.buildType=org.eclipse.cdt.build.core.buildType.debug" cleanCommand="rm -rf" description="" id="cdt.managedbuild.config.gnu.macosx.exe.debug.1933625690" name="Debug" parent="cdt.managedbuild.config.gnu.macosx.exe.debug">
					<folderInfo id="cdt.managedbuild.config.gnu.macosx.exe.debug.1933625690." name="/" resourcePath="">
						<toolChain id="cdt.managedbuild.toolchain.gnu.macosx.exe.debug.1358878571" name="MacOSX GCC" superClass="cdt.managedbuild.toolchain.gnu.macosx.exe.debug">
							<targetPlatform id="cdt.managedbuild.target.gnu.platform.macosx.exe.debug.1947131147" name="Debug Platform" superClass="cdt.managedbuild.target.gnu.platform.macosx.exe.debug"/>
							<builder buildPath="${workspace_loc:/Lab2}/Debug" id="cdt.managedbuild.target.gnu.builder.macosx.exe.debug.1056912374" managedBuildOn="true" name="Gnu Make Builder.Debug" superClass="cdt.managedbuild.target.gnu.builder.macosx.exe.debug"/>
							<tool id="cdt.managedbuild.tool.macosx.c.linker.macosx.exe.debug.1823438301" name="MacOS X C Linker" superClass="cdt.managedbuild.tool.macosx.c.linker.macosx.exe.debug"/>
							<tool id="cdt.managedbuild.tool.macosx.cpp.linker.macosx.exe.debug.1406365591" name="MacOS X C++ Linker" superClass="cdt.managedbuild.tool.macosx.cpp.linker.macosx.exe.debug">
								<inputType id="cdt.managedbuild.tool.macosx.cpp.linker.input.1716573662" superClass="cdt.managedbuild.tool.macosx.cpp.linker.input">
									<additionalInput kind="additionalinputdependency" paths="$(USER_OBJS)"/>
									<additionalInput kind="additionalinput" paths="$(LIBS)"/>
								</inputType>
							</tool>
							<tool id="cdt.managedbuild.tool.gnu.assembler.macosx.exe.debug.1625307393" name="GCC Assembler" superClass="cdt.managedbuild.tool.gnu.assembler.macosx.exe.debug">
								<inputType id="cdt.managedbuild.tool.gnu.assembler.input.523762487" superClass="cdt.managedbuild.tool.gnu.assembler.input"/>
							</tool>
							<tool id="cdt.managedbuild.tool.gnu.archiver.macosx.base.1199275277" name="GCC Archiver" superClass="cdt.managedbuild.tool.gnu.archiver.macosx.base"/>
							<tool id="cdt.managedbuild.tool.gnu.cpp.compiler.macosx.exe.debug.2038557600" name="GCC C++ Compiler" superClass="cdt.managedbuild.tool.gnu.cpp.compiler.macosx.exe.debug">
								<option id="gnu.cpp.compilermacosx.exe.debug.option.optimization.level.784732540" superClass="gnu.cpp.compilermacosx.exe.debug.option.optimization.level" value="gnu.cpp.compiler.optimization.level.none" valueType="enumerated"/>
								<option id="gnu.cpp.compiler.macosx.exe.debug.option.debugging.level.2080202281" superClass="gnu.cpp.compiler.macosx.exe.debug.option.debugging.level" value="gnu.cpp.compiler.debugging.level.max" valueType="enumerated"/>
								<inputType id="cdt.managedbuild.tool.gnu.cpp.compiler.input.2047160414" superClass="cdt.managedbuild.tool.gnu.cpp.compiler.input"/>
							</tool>
							<tool id="cdt.managedbuild.tool.gnu.c.compiler.macosx.exe.debug.533192615" name="GCC C Compiler" superClass="cdt.managedbuild.tool.gnu.c.compiler.macosx.exe.debug">
								<option defaultValue="gnu.c.optimization.level.none" id="gnu.c.compiler.macosx.exe.debug.option.optimization.level.363895850" superClass="gnu.c.compiler.macosx.exe.debug.option.optimization.level" valueType="enumerated"/>
								<option id="gnu.c.compiler.macosx.exe.debug.option.debugging.level.2115657939" superClass="gnu.c.compiler.macosx.exe.debug.option.debugging.level" value="gnu.c.debugging.level.max" valueType="enumerated"/>
								<inputType id="cdt.managedbuild.tool.gnu.c.compiler.input.1274507518" superClass="cdt.managedbuild.tool.gnu.c.compiler.input"/>
							</tool>
						</toolChain>
					</folderInfo>
				</configuration>
			</storageModule>
			<storageModule moduleId="org.eclipse.cdt.core.externalSettings"/>
		</cconfiguration>
		<cconfiguration id="cdt.managedbuild.config.macosx.exe.release.728176207">
			<storageModule buildSystemId="org.eclipse.cdt.managedbuilder.core.configurationDataProvider" id="cdt.managedbuild.config.macosx.exe.release.728176207" moduleId="org.eclipse.cdt.core.settings" name="Release">
				<externalSettings/>
				<extensions>
					<extension id="org.eclipse.cdt.core.MachO64" point="org.eclipse.cdt.core.BinaryParser"/>
					<extension id="org.eclipse.cdt.core.GASErrorParser" point="org.eclipse.cdt.core.ErrorParser"/>
					<extension id="org.eclipse.cdt.core.GmakeErrorParser" point="org.eclipse.cdt.core.ErrorParser"/>
					<extension id="org.eclipse.cdt.core.GLDErrorParser" point="org.eclipse.cdt.core.ErrorParser"/>
					<extension id="org.eclipse.cdt.core.CWDLocator" point="org.eclipse.cdt.core.ErrorParser"/>
					<extension id="org.eclipse.cdt.core.GCCErrorParser" point="org.eclipse.cdt.core.ErrorParser"/>
				</extensions>
			</storageModule>
			<storageModule moduleId="cdtBuildSystem" version="4.0.0">
				<configuration artifactName="${ProjName}" buildArtefactType="org.eclipse.cdt.build.core.buildArtefactType.exe" buildProperties="org.eclipse.cdt.build.core.buildArtefactType=org.eclipse.cdt.build.core.buildArtefactType.exe,org.eclipse.cdt.build.core.buildType=org.eclipse.cdt.build.core.buildType.release" cleanCommand="rm -rf" description="" id="cdt.managedbuild.config.macosx.exe.release.728176207" name="Release" parent="cdt.managedbuild.config.macosx.exe.release">
					<folderInfo id="cdt.managedbuild.config.macosx.exe.release.728176207." name="/" resourcePath="">
						<toolChain id="cdt.managedbuild.toolchain.gnu.macosx.exe.release.301049659" name="MacOSX GCC" superClass="cdt.managedbuild.toolchain.gnu.macosx.exe.release">
							<targetPlatform id="cdt.managedbuild.target.gnu.platform.macosx.exe.release.296835947" name="Debug Platform" superClass="cdt.managedbuild.target.gnu.platform.macosx.exe.release"/>
							<builder buildPath="${workspace_loc:/Lab2}/Release" id="cdt.managedbuild.target.gnu.builder.macosx.exe.release.1557656137" managedBuildOn="true" name="Gnu Make Builder.Release" superClass="cdt.managedbuild.target.gnu.builder.macosx.exe.release"/>
							<tool id="cdt.managedbuild.tool.macosx.c.linker.macosx.exe.release.1247887898" name="MacOS X C Linker" superClass="cdt.managedbuild.tool.macosx.c.linker.macosx.exe.release"/>
							<tool id="cdt.managedbuild.tool.macosx.cpp.linker.macosx.exe.release.1948015999" name="MacOS X C++ Linker" superClass="cdt.managedbuild.tool.macosx.cpp.linker.macosx.exe.release">
								<inputType id="cdt.managedbuild.tool.macosx.cpp.linker.input.484906442" superClass="cdt.managedbuild.tool.macosx.cpp.linker.input">
									<additionalInput kind="additionalinputdependency" paths="$(USER_OBJS)"/>
									<additionalInput kind="additionalinput" paths="$(LIBS)"/>
								</inputType>
							</tool>
							<tool id="cdt.managedbuild.tool.gnu.assembler.macosx.exe.release.1745639376" name="GCC Assembler" superClass="cdt.managedbuild.tool.gnu.assembler.macosx.exe.release">
								<inputType id="cdt.managedbuild.tool.gnu.assembler.input.1630948352" superClass="cdt.managedbuild.tool.gnu.assembler.input"/>
							</tool>
							<tool id="cdt.managedbuild.tool.gnu.archiver.macosx.base.1708265442" name="GCC Archiver" superClass="cdt.managedbuild.tool.gnu.archiver.macosx.base"/>
							<tool id="cdt.managedbuild.tool.gnu.cpp.compiler.macosx.exe.release.898830856" name="GCC C++ Compiler" superClass="cdt.managedbuild.tool.gnu.cpp.compiler.macosx.exe.release">
								<option id="gnu.cpp.compiler.macosx.exe.release.option.optimization.level.783190789" superClass="gnu.cpp.compiler.macosx.exe.release.option.optimization.level" value="gnu.cpp.compiler.optimization.level.most" valueType="enumerated"/>
								<option id="gnu.cpp.compiler.macosx.exe.release.option.debugging.level.249930965" superClass="gnu.cpp.compiler.macosx.exe.release.option.debugging.level" value="gnu.cpp.compiler.debugging.level.none" valueType="enumerated"/>
								<inputType id="cdt.managedbuild.tool.gnu.cpp.compiler.input.2095193794" superClass="cdt.managedbuild.tool.gnu.cpp.compiler.input"/>
							</tool>
							<tool id="cdt.managedbuild.tool.gnu.c.compiler.macosx.exe.release.1374992047" name="GCC C Compiler" superClass="cdt.managedbuild.tool.gnu.c.compiler.macosx.exe.release">
								<option defaultValue="gnu.c.optimization.level.most" id="gnu.c.compiler.macosx.exe.release.option.optimization.level.1328612738" superClass="gnu.c.compiler.macosx.exe.release.option.optimization.level" valueType="enumerated"/>
								<option id="gnu.c.compiler.macosx.exe.release.option.debugging.level.1820463089" superClass="gnu.c.compiler.macosx.exe.release.option.debugging.level" value="gnu.c.debugging.level.none" valueType="enumerated"/>
								<inputType id="cdt.managedbuild.tool.gnu.c.compiler.input.639659704" superClass="cdt.managedbuild.tool.gnu.c.compiler.input"/>
							</tool>
						</toolChain>
					</folderInfo>
				</configuration>
			</storageModule>
		</cconfiguration>
	</storageModule>
	<storageModule moduleId="cdtBuildSystem" version="4.0.0">
		<project id="Lab2.cdt.managedbuild.target.macosx.exe.968048110" name="Executable" projectType="cdt.managedbuild.target.macosx.exe"/>
	</storageModule>
	<storageModule moduleId="scannerConfiguration">
		<autodiscovery enabled="true" problemReportingEnabled="true" selectedProfileId=""/>
		<scannerConfigBuildInfo instanceId="cdt.managedbuild.config.gnu.macosx.exe.debug.1933625690;cdt.managedbuild.config.gnu.macosx.exe.debug.1933625690.;cdt.managedbuild.tool.gnu.cpp.compiler.macosx.exe.debug.2038557600;cdt.managedbuild.tool.gnu.cpp.compiler.input.2047160414">
			<autodiscovery enabled="true" problemReportingEnabled="true" selectedProfileId=""/>
		</scannerConfigBuildInfo>
		<scannerConfigBuildInfo instanceId="cdt.managedbuild.config.gnu.macosx.exe.debug.1933625690;cdt.managedbuild.config.gnu.macosx.exe.debug.1933625690.;cdt.managedbuild.tool.gnu.c.compiler.macosx.exe.debug.533192615;cdt.managedbuild.tool.gnu.c.compiler.input.1274507518">
			<autodiscovery enabled="true" problemReportingEnabled="true" selectedProfileId=""/>
		</scannerConfigBuildInfo>
		<scannerConfigBuildInfo instanceId="cdt.managedbuild.config.macosx.exe.release.728176207;cdt.managedbuild.config.macosx.exe.release.728176207.;cdt.managedbuild.tool.gnu.cpp.compiler.macosx.exe.release.898830856;cdt.managedbuild.tool.gnu.cpp.compiler.input.2095193794">
			<autodiscovery enabled="true" problemReportingEnabled="true" selectedProfileId=""/>
		</scannerConfigBuildInfo>
		<scannerConfigBuildInfo instanceId="cdt.managedbuild.config.macosx.exe.release.728176207;cdt.managedbuild.config.macosx.exe.release.728176207.;cdt.managedbuild.tool.gnu.c.compiler.macosx.exe.release.1374992047;cdt.managedbuild.tool.gnu.c.compiler.input.639659704">
			<autodiscovery enabled="true" problemReportingEnabled="true" selectedProfileId=""/>
		</scannerConfigBuildInfo>
	</storageModule>
	<storageModule moduleId="org.eclipse.cdt.core.LanguageSettingsProviders"/>
</cproject>
