<?xml version="1.0" encoding="UTF-8" standalone="no"?>
<?fileVersion 4.0.0?><cproject storage_type_id="org.eclipse.cdt.core.XmlProjectDescriptionStorage">
	<storageModule moduleId="org.eclipse.cdt.core.settings">
		<cconfiguration id="cdt.managedbuild.toolchain.gnu.cygwin.base.1874775220">
			<storageModule buildSystemId="org.eclipse.cdt.managedbuilder.core.configurationDataProvider" id="cdt.managedbuild.toolchain.gnu.cygwin.base.1874775220" moduleId="org.eclipse.cdt.core.settings" name="Default">
				<externalSettings/>
				<extensions>
					<extension id="org.eclipse.cdt.core.Cygwin_PE" point="org.eclipse.cdt.core.BinaryParser"/>
					<extension id="org.eclipse.cdt.core.GASErrorParser" point="org.eclipse.cdt.core.ErrorParser"/>
					<extension id="org.eclipse.cdt.core.GmakeErrorParser" point="org.eclipse.cdt.core.ErrorParser"/>
					<extension id="org.eclipse.cdt.core.GLDErrorParser" point="org.eclipse.cdt.core.ErrorParser"/>
					<extension id="org.eclipse.cdt.core.CWDLocator" point="org.eclipse.cdt.core.ErrorParser"/>
					<extension id="org.eclipse.cdt.core.GCCErrorParser" point="org.eclipse.cdt.core.ErrorParser"/>
				</extensions>
			</storageModule>
			<storageModule moduleId="cdtBuildSystem" version="4.0.0">
				<configuration artifactName="${ProjName}" buildProperties="" description="" id="cdt.managedbuild.toolchain.gnu.cygwin.base.1874775220" name="Default" parent="org.eclipse.cdt.build.core.emptycfg">
					<folderInfo id="cdt.managedbuild.toolchain.gnu.cygwin.base.1874775220.1980524389" name="/" resourcePath="">
						<toolChain id="cdt.managedbuild.toolchain.gnu.cygwin.base.1528474811" name="Cygwin GCC" superClass="cdt.managedbuild.toolchain.gnu.cygwin.base">
							<targetPlatform archList="all" binaryParser="org.eclipse.cdt.core.Cygwin_PE" id="cdt.managedbuild.target.gnu.platform.cygwin.base.809338599" name="Debug Platform" osList="win32" superClass="cdt.managedbuild.target.gnu.platform.cygwin.base"/>
							<builder id="cdt.managedbuild.target.gnu.builder.cygwin.base.42012106" keepEnvironmentInBuildfile="false" managedBuildOn="false" name="Gnu Make Builder" superClass="cdt.managedbuild.target.gnu.builder.cygwin.base"/>
							<tool id="cdt.managedbuild.tool.gnu.assembler.cygwin.base.125412877" name="GCC Assembler" superClass="cdt.managedbuild.tool.gnu.assembler.cygwin.base">
								<inputType id="cdt.managedbuild.tool.gnu.assembler.input.394715690" superClass="cdt.managedbuild.tool.gnu.assembler.input"/>
							</tool>
							<tool id="cdt.managedbuild.tool.gnu.archiver.cygwin.base.1752575710" name="GCC Archiver" superClass="cdt.managedbuild.tool.gnu.archiver.cygwin.base"/>
							<tool id="cdt.managedbuild.tool.gnu.cpp.compiler.cygwin.base.543191196" name="Cygwin C++ Compiler" superClass="cdt.managedbuild.tool.gnu.cpp.compiler.cygwin.base">
								<inputType id="cdt.managedbuild.tool.gnu.cpp.compiler.input.cygwin.582138836" superClass="cdt.managedbuild.tool.gnu.cpp.compiler.input.cygwin"/>
							</tool>
							<tool id="cdt.managedbuild.tool.gnu.c.compiler.cygwin.base.920402188" name="Cygwin C Compiler" superClass="cdt.managedbuild.tool.gnu.c.compiler.cygwin.base">
								<inputType id="cdt.managedbuild.tool.gnu.c.compiler.input.cygwin.878279410" superClass="cdt.managedbuild.tool.gnu.c.compiler.input.cygwin"/>
							</tool>
							<tool id="cdt.managedbuild.tool.gnu.c.linker.cygwin.base.300760990" name="Cygwin C Linker" superClass="cdt.managedbuild.tool.gnu.c.linker.cygwin.base"/>
							<tool id="cdt.managedbuild.tool.gnu.cpp.linker.cygwin.base.1314332737" name="Cygwin C++ Linker" superClass="cdt.managedbuild.tool.gnu.cpp.linker.cygwin.base">
								<inputType id="cdt.managedbuild.tool.gnu.cpp.linker.input.2129428354" superClass="cdt.managedbuild.tool.gnu.cpp.linker.input">
									<additionalInput kind="additionalinputdependency" paths="$(USER_OBJS)"/>
									<additionalInput kind="additionalinput" paths="$(LIBS)"/>
								</inputType>
							</tool>
						</toolChain>
					</folderInfo>
				</configuration>
			</storageModule>
			<storageModule moduleId="org.eclipse.cdt.core.externalSettings"/>
		</cconfiguration>
	</storageModule>
	<storageModule moduleId="cdtBuildSystem" version="4.0.0">
		<project id="CPPGraphAlgorithm.null.1485976912" name="CPPGraphAlgorithm"/>
	</storageModule>
	<storageModule moduleId="scannerConfiguration">
		<autodiscovery enabled="true" problemReportingEnabled="true" selectedProfileId=""/>
	</storageModule>
	<storageModule moduleId="org.eclipse.cdt.core.LanguageSettingsProviders"/>
	<storageModule moduleId="refreshScope"/>
	<storageModule moduleId="org.eclipse.cdt.make.core.buildtargets"/>
</cproject>
